"public_script","original_source","purpose","portability_note"
"analysis_pipeline\00_运行说明\01_validate_input_data.R","02_代码\R\00_运行说明\01_validate_input_data.R","Validate required input datasets and variables before analysis","Local absolute paths were replaced with TTE_PROJECT_ROOT/TTE_RUNTIME_ROOT; analysis logic and statistical settings were unchanged."
"analysis_pipeline\02_配置与变量字典\21_build_publication_display_dictionary.R","02_代码\R\02_配置与变量字典\21_build_publication_display_dictionary.R","Build the publication display dictionary","No public-release path adaptation was required."
"analysis_pipeline\02_配置与变量字典\analysis_config.R","02_代码\R\02_配置与变量字典\analysis_config.R","Define analysis paths, constants, and random seeds","Local absolute paths were replaced with TTE_PROJECT_ROOT/TTE_RUNTIME_ROOT; analysis logic and statistical settings were unchanged."
"analysis_pipeline\02_配置与变量字典\mice_imputation_extensions.R","02_代码\R\02_配置与变量字典\mice_imputation_extensions.R","Provide helper functions for multiple imputation","No public-release path adaptation was required."
"analysis_pipeline\02_配置与变量字典\publication_style_helpers.R","02_代码\R\02_配置与变量字典\publication_style_helpers.R","Provide shared publication styling helpers","No public-release path adaptation was required."
"analysis_pipeline\03_多重插补\02_run_multiple_imputation.R","02_代码\R\03_多重插补\02_run_multiple_imputation.R","Run multiple imputation","Local absolute paths were replaced with TTE_PROJECT_ROOT/TTE_RUNTIME_ROOT; analysis logic and statistical settings were unchanged."
"analysis_pipeline\03_多重插补\02b_mice_chain_diagnostics_controlled.R","02_代码\R\03_多重插补\02b_mice_chain_diagnostics_controlled.R","Evaluate multiple-imputation chain diagnostics","No public-release path adaptation was required."
"analysis_pipeline\04_倾向评分与权重\03_fit_cbps_ate_weights.R","02_代码\R\04_倾向评分与权重\03_fit_cbps_ate_weights.R","Estimate primary ATO overlap weights and complementary CBPS-ATE weights","Local absolute paths were replaced with TTE_PROJECT_ROOT/TTE_RUNTIME_ROOT; analysis logic and statistical settings were unchanged."
"analysis_pipeline\04_倾向评分与权重\03a_weight_diagnostic_outputs.R","02_代码\R\04_倾向评分与权重\03a_weight_diagnostic_outputs.R","Generate propensity-score and weighting diagnostics","Local absolute paths were replaced with TTE_PROJECT_ROOT/TTE_RUNTIME_ROOT; analysis logic and statistical settings were unchanged."
"analysis_pipeline\05_Bootstrap\04_bootstrap_core_locked.R","02_代码\R\05_Bootstrap\04_bootstrap_core_locked.R","Define the locked nested-bootstrap estimation functions","No public-release path adaptation was required."
"analysis_pipeline\05_Bootstrap\04_bootstrap_single_repeat.R","02_代码\R\05_Bootstrap\04_bootstrap_single_repeat.R","Run one reproducible bootstrap replicate","Local absolute paths were replaced with TTE_PROJECT_ROOT/TTE_RUNTIME_ROOT; analysis logic and statistical settings were unchanged."
"analysis_pipeline\05_Bootstrap\05_run_bootstrap.R","02_代码\R\05_Bootstrap\05_run_bootstrap.R","Coordinate patient-level bootstrap resampling","Local absolute paths were replaced with TTE_PROJECT_ROOT/TTE_RUNTIME_ROOT; analysis logic and statistical settings were unchanged."
"analysis_pipeline\05_Bootstrap\06b_pool_bootstrap_results_controlled.R","02_代码\R\05_Bootstrap\06b_pool_bootstrap_results_controlled.R","Pool successful bootstrap replicates and confidence intervals","No public-release path adaptation was required."
"analysis_pipeline\06_主要结局分析\07b_primary_outcome_tables_controlled.R","02_代码\R\06_主要结局分析\07b_primary_outcome_tables_controlled.R","Generate primary outcome estimates and tables","No public-release path adaptation was required."
"analysis_pipeline\07_敏感性分析\10_run_sensitivity_analyses.R","02_代码\R\07_敏感性分析\10_run_sensitivity_analyses.R","Run the initial sensitivity-analysis workflow","Local absolute paths were replaced with TTE_PROJECT_ROOT/TTE_RUNTIME_ROOT; analysis logic and statistical settings were unchanged."
"analysis_pipeline\07_敏感性分析\10c_run_sensitivity_analyses_controlled_v2.R","02_代码\R\07_敏感性分析\10c_run_sensitivity_analyses_controlled_v2.R","Run the controlled sensitivity-analysis specifications","No public-release path adaptation was required."
"analysis_pipeline\07_敏感性分析\10d_finalize_sensitivity_analyses_controlled_v2.R","02_代码\R\07_敏感性分析\10d_finalize_sensitivity_analyses_controlled_v2.R","Finalize sensitivity-analysis outputs","No public-release path adaptation was required."
"analysis_pipeline\07_敏感性分析\10k_repair_ato_mortality_sensitivity_2026-08-26.R","02_代码\R\07_敏感性分析\10k_repair_ato_mortality_sensitivity_2026-08-26.R","Generate the final ATO 30-day mortality sensitivity estimates","No public-release path adaptation was required."
"analysis_pipeline\07_敏感性分析\12b_rebuild_ato_evalues_all_primary_outcomes_2026-08-27.R","02_代码\R\07_敏感性分析\12b_rebuild_ato_evalues_all_primary_outcomes_2026-08-27.R","Calculate E-values for primary ATO outcomes","No public-release path adaptation was required."
"analysis_pipeline\07_敏感性分析\13_aki_phenotype_components.R","02_代码\R\07_敏感性分析\13_aki_phenotype_components.R","Summarize AKI phenotype components","Local absolute paths were replaced with TTE_PROJECT_ROOT/TTE_RUNTIME_ROOT; analysis logic and statistical settings were unchanged."
"analysis_pipeline\08_未完成图表\14_target_trial_mapping_table.R","02_代码\R\08_未完成图表\14_target_trial_mapping_table.R","Generate the target-trial emulation mapping table","Local absolute paths were replaced with TTE_PROJECT_ROOT/TTE_RUNTIME_ROOT; analysis logic and statistical settings were unchanged."
"analysis_pipeline\08_未完成图表\15_antibacterial_dictionary_table.R","02_代码\R\08_未完成图表\15_antibacterial_dictionary_table.R","Generate the antibacterial exposure dictionary","Local absolute paths were replaced with TTE_PROJECT_ROOT/TTE_RUNTIME_ROOT; analysis logic and statistical settings were unchanged."
"analysis_pipeline\08_未完成图表\16_variable_definition_table.R","02_代码\R\08_未完成图表\16_variable_definition_table.R","Generate the variable definition table","Local absolute paths were replaced with TTE_PROJECT_ROOT/TTE_RUNTIME_ROOT; analysis logic and statistical settings were unchanged."
"analysis_pipeline\08_未完成图表\17_complete_nonsensitivity_outputs_controlled.R","02_代码\R\08_未完成图表\17_complete_nonsensitivity_outputs_controlled.R","Generate finalized nonsensitivity supplementary outputs","No public-release path adaptation was required."
"analysis_pipeline\08_未完成图表\20a_generate_publication_tables_en.R","02_代码\R\08_未完成图表\20a_generate_publication_tables_en.R","Generate English publication tables","No public-release path adaptation was required."
"analysis_pipeline\08_未完成图表\20b_generate_publication_figures_en.R","02_代码\R\08_未完成图表\20b_generate_publication_figures_en.R","Generate English publication figures","No public-release path adaptation was required."
"analysis_pipeline\08_未完成图表\20c_validate_publication_ready_outputs_en.R","02_代码\R\08_未完成图表\20c_validate_publication_ready_outputs_en.R","Validate publication-ready tables and figures","No public-release path adaptation was required."
"analysis_pipeline\08_未完成图表\21_rebuild_mf01_compact_nature_2026-08-28.R","02_代码\R\08_未完成图表\21_rebuild_mf01_compact_nature_2026-08-28.R","Generate the finalized compact participant flow diagram","Local absolute paths were replaced with TTE_PROJECT_ROOT/TTE_RUNTIME_ROOT; analysis logic and statistical settings were unchanged."
"analysis_pipeline\08_未完成图表\22_rebuild_table1_jama_style_ato.R","02_代码\R\08_未完成图表\22_rebuild_table1_jama_style_ato.R","Generate the primary ATO-weighted Table 1","Local absolute paths were replaced with TTE_PROJECT_ROOT/TTE_RUNTIME_ROOT; analysis logic and statistical settings were unchanged."
"analysis_pipeline\08_未完成图表\22_repair_table1_ato_microbiology_2026-08-28.R","02_代码\R\08_未完成图表\22_repair_table1_ato_microbiology_2026-08-28.R","Add finalized microbiology rows to the ATO-weighted Table 1","Local absolute paths were replaced with TTE_PROJECT_ROOT/TTE_RUNTIME_ROOT; analysis logic and statistical settings were unchanged."
"analysis_pipeline\08_未完成图表\23_rebuild_supplementary_table5_variance_ratios_2026-08-27.R","02_代码\R\08_未完成图表\23_rebuild_supplementary_table5_variance_ratios_2026-08-27.R","Generate variance-ratio diagnostics for Supplementary Table 5","Local absolute paths were replaced with TTE_PROJECT_ROOT/TTE_RUNTIME_ROOT; analysis logic and statistical settings were unchanged."
"analysis_pipeline\09_探索性分析\23_joint_strategy_crossclassification_2026-08-28.R","02_代码\R\09_探索性分析\23_joint_strategy_crossclassification_2026-08-28.R","Run the shared-participant 2-by-2 exploratory analysis","Local absolute paths were replaced with TTE_PROJECT_ROOT/TTE_RUNTIME_ROOT; analysis logic and statistical settings were unchanged."
"analysis_pipeline\10_方法来源与文件校验\validate_package.R","02_代码\R\10_方法来源与文件校验\validate_package.R","Validate the curated public code package","Local absolute paths were replaced with TTE_PROJECT_ROOT/TTE_RUNTIME_ROOT; analysis logic and statistical settings were unchanged."
"final_figure_scripts\plot_bmc_compliance_figures.R","manuscript\plot_bmc_compliance_figures.R","Generate BMC-compliant main and supplementary figures","Local absolute paths were replaced with TTE_PROJECT_ROOT/TTE_RUNTIME_ROOT; analysis logic and statistical settings were unchanged."
"final_figure_scripts\plot_english_dual_dag.R","manuscript\plot_english_dual_dag.R","Generate the finalized English dual-DAG figure","Local absolute paths were replaced with TTE_PROJECT_ROOT/TTE_RUNTIME_ROOT; analysis logic and statistical settings were unchanged."
"final_figure_scripts\plot_figure2_aki_curve_ato.R","manuscript\plot_figure2_aki_curve_ato.R","Generate the ATO-weighted 7-day AKI cumulative-incidence figure","Local absolute paths were replaced with TTE_PROJECT_ROOT/TTE_RUNTIME_ROOT; analysis logic and statistical settings were unchanged."
"final_figure_scripts\plot_figure3_death_curve.R","manuscript\plot_figure3_death_curve.R","Generate the ATO-weighted 30-day mortality figure","Local absolute paths were replaced with TTE_PROJECT_ROOT/TTE_RUNTIME_ROOT; analysis logic and statistical settings were unchanged."
"final_figure_scripts\plot_main_findings.R","manuscript\plot_main_findings.R","Generate the main findings forest plot","Local absolute paths were replaced with TTE_PROJECT_ROOT/TTE_RUNTIME_ROOT; analysis logic and statistical settings were unchanged."
"final_figure_scripts\plot_primary_ato_diagnostics_2026-08-20.R","manuscript\plot_primary_ato_diagnostics_2026-08-20.R","Generate primary ATO weighting diagnostic figures","Local absolute paths were replaced with TTE_PROJECT_ROOT/TTE_RUNTIME_ROOT; analysis logic and statistical settings were unchanged."
"final_figure_scripts\plot_refined_supplementary_figures_2_4_8_3.R","manuscript\plot_refined_supplementary_figures_2_4_8_3.R","Apply final refinements to Supplementary Figures 2-8","Local absolute paths were replaced with TTE_PROJECT_ROOT/TTE_RUNTIME_ROOT; analysis logic and statistical settings were unchanged."
